acc,precision,recall,f1,mse,fraction,thresholds
0.6751911014043731,0.9096649484536082,0.6646058247552097,0.7680618018279414,10.172483315547918,[0.4105696218604769],5
0.6566777560504863,0.8389552814186585,0.6310943560372639,0.720329340697987,9.906315462410724,[0.47391243619371715],10
0.6303171902379562,0.7791532015117489,0.5747474747474748,0.661520217638989,8.724452302177223,[0.5377250679330574],20
0.619981207303756,0.7226830383384495,0.5079649267777625,0.5965924408260096,9.433225111272234,[0.6151433577976991],50
0.6239175153008101,0.6487040100842985,0.4430693069306931,0.5265210857818845,9.655269857723635,[0.6815971252253854],100
0.7550092693704447,0.34163871586008626,0.4072540339854348,0.37157188456778056,7.824987227982641,[0.7916232826269142],300
0.8212662213982782,0.21274644658413572,0.42451967063129004,0.28344532681734885,6.9885523054623375,[0.8345607842141352],500
0.8735556289204358,0.16272858023423054,0.4669811320754717,0.24135303976839861,6.592049707260137,[0.8767872108083399],800
0.9088554232165985,0.1619401007156109,0.5886319845857418,0.2540012471419663,6.561555143462757,[0.9047984864260863],1000