acc,precision,recall,f1,mse,fraction,thresholds
0.526678010005841,0.46157954154649466,0.49596025770264496,0.440266167947111,9.957832155614154,"[0.4105696218604769, 0.20457373593722222]","(5, 50)"
0.5137008913832948,0.45986198436265147,0.4967203936608448,0.42914796059111354,10.846642218222103,"[0.47391243619371715, 0.20768468903166823]","(10, 100)"
0.505752088782792,0.45899505492757836,0.4686664927789132,0.43299741710825196,11.20003972849679,"[0.5377250679330574, 0.21345582446605887]","(20, 200)"
0.5431089214516088,0.46461241115836804,0.4554374301251765,0.4580748508599504,9.720026078018725,"[0.6151433577976991, 0.219417426416436]","(50, 500)"
0.5935698504202961,0.4428241014945762,0.4372743536620502,0.4374696187880367,9.593859512033523,"[0.6815971252253854, 0.15296365898874978]","(100, 500)"
0.7855854940701424,0.41214915424546034,0.5560107900015424,0.42870983844364074,7.068407995714689,"[0.7916232826269142, 0.1131752037991721]","(300, 1000)"
0.8360718185742947,0.39578396310177216,0.6210492501563292,0.40652063320351856,6.71493787689335,"[0.8345607842141352, 0.07023770221195114]","(500, 1000)"
0.8759936003250629,0.39947557802836203,0.5906399538293478,0.4229845850881686,6.499580245098529,"[0.8767872108083399, 0.06753942656880921]","(800, 2000)"
0.9097696624933337,0.4077958112405484,0.7669643017785782,0.4473679459375565,6.461724128643831,"[0.9047984864260863, 0.08054828961068644]","(1000, 5000)"
